idx,movie_id,name,year,rating,genre
0,m0,10 things i hate about you,1999,6.90,"['comedy', 'romance']"
1,m1,1492: conquest of paradise,1992,6.20,"['adventure', 'biography', 'drama', 'history']"
2,m2,15 minutes,2001,6.10,"['action', 'crime', 'drama', 'thriller']"
3,m3,2001: a space odyssey,1968,8.40,"['adventure', 'mystery', 'sci-fi']"
4,m4,48 hrs.,1982,6.90,"['action', 'comedy', 'crime', 'drama', 'thriller']"
5,m5,the fifth element,1997,7.50,"['action', 'adventure', 'romance', 'sci-fi', 'thriller']"
6,m6,8mm,1999,6.30,"['crime', 'mystery', 'thriller']"
7,m7,a nightmare on elm street 4: the dream master,1988,5.20,"['fantasy', 'horror', 'thriller']"
8,m8,a nightmare on elm street: the dream child,1989,4.70,"['fantasy', 'horror', 'thriller']"
9,m9,the atomic submarine,1959,4.90,"['sci-fi', 'thriller']"
10,m10,affliction,1997,6.90,"['drama', 'mystery', 'thriller']"
11,m11,air force one,1997,6.30,"['action', 'drama', 'thriller']"
12,m12,airplane ii: the sequel,1982,5.80,"['comedy', 'romance', 'sci-fi']"
13,m13,airplane!,1980,7.80,"['comedy', 'romance']"
14,m14,alien nation,1988,6.10,"['crime', 'drama', 'sci-fi', 'thriller']"
15,m15,aliens,1986,8.50,"['action', 'sci-fi', 'thriller']"
16,m16,amadeus,1984,8.40,"['biography', 'drama', 'music']"
17,m17,an american werewolf in london,1981,7.50,"['horror', 'romance']"
18,m18,american madness,1932,7.40,['drama']
19,m19,american outlaws,2001,5.70,"['action', 'western']"
20,m20,american psycho,2000,7.40,"['drama', 'thriller']"
21,m21,antitrust,2001,6.00,"['drama', 'thriller']"
22,m22,austin powers: international man of mystery,1997,7.10,"['action', 'adventure', 'comedy', 'crime']"
23,m23,the avengers,1998,3.40,"['action', 'adventure', 'thriller']"
24,m24,bachelor party,1984,5.90,"['comedy', 'romance']"
25,m25,backdraft,1991,6.60,"['action', 'crime', 'drama', 'mystery', 'thriller']"
26,m26,bad lieutenant,1992,6.90,"['crime', 'drama']"
27,m27,bamboozled,2000,6.30,"['comedy', 'drama', 'music']"
28,m28,barry lyndon,1975,8.10,"['drama', 'romance', 'war']"
29,m29,basic,2003,6.30,"['crime', 'drama', 'mystery', 'thriller']"
30,m30,big fish,2003,8.10,"['adventure', 'drama', 'fantasy']"
31,m31,birthday girl,2001,6.00,"['comedy', 'crime', 'romance', 'thriller']"
32,m32,black snake moan,2006,7.10,['drama']
33,m33,black rain,1989/I,6.40,"['action', 'crime', 'drama', 'thriller']"
34,m34,blade runner,1982,8.30,"['drama', 'sci-fi', 'thriller']"
35,m35,blast from the past,1999,6.40,"['comedy', 'drama', 'romance']"
36,m36,blue velvet,1986,7.80,"['crime', 'mystery', 'thriller']"
37,m37,the boondock saints,1999,7.80,"['action', 'crime', 'drama', 'thriller']"
38,m38,bottle rocket,1996,7.20,"['comedy', 'crime']"
39,m39,the bourne supremacy,2004,7.60,"['action', 'adventure', 'mystery', 'thriller']"
40,m40,braveheart,1995,8.40,"['action', 'biography', 'drama', 'history', 'war']"
41,m41,the butterfly effect,2004,7.80,"['drama', 'mystery', 'sci-fi', 'thriller']"
42,m42,casablanca,1942,8.80,"['drama', 'romance', 'war']"
43,m43,cast away,2000,7.50,"['adventure', 'drama']"
44,m44,the cider house rules,1999,7.50,"['drama', 'romance']"
45,m45,confidence,2003,6.80,"['crime', 'thriller']"
46,m46,croupier,1998,7.20,"['crime', 'drama']"
47,m47,dark star,1974,6.50,"['comedy', 'sci-fi', 'thriller']"
48,m48,dark angel,1990,5.30,"['action', 'crime', 'drama', 'horror', 'sci-fi', 'thriller']"
49,m49,detroit rock city,1999,6.50,"['comedy', 'music']"
50,m50,donnie darko,2001,8.30,"['drama', 'mystery', 'sci-fi']"
51,m51,drop dead gorgeous,1999,6.30,"['comedy', 'adult']"
52,m52,duck soup,1933,8.10,"['comedy', 'musical']"
53,m53,the elephant man,1980,8.40,"['biography', 'drama', 'history']"
54,m54,erik the viking,1989,5.90,"['comedy', 'adventure', 'fantasy']"
55,m55,eternal sunshine of the spotless mind,2004,8.50,"['drama', 'romance', 'sci-fi']"
56,m56,even cowgirls get the blues,1993,4.00,"['comedy', 'drama', 'romance', 'western']"
57,m57,event horizon,1997,6.40,"['horror', 'mystery', 'mystery', 'sci-fi', 'sci-fi']"
58,m58,fantastic four,2005,5.70,"['action', 'adventure', 'fantasy', 'sci-fi', 'fantasy']"
59,m59,fast times at ridgemont high,1982,7.20,"['comedy', 'drama', 'romance']"
60,m60,fear and loathing in las vegas,1998,7.60,"['drama', 'fantasy']"
61,m61,feast,2005,6.40,"['action', 'comedy', 'horror', 'thriller']"
62,m62,frances,1982,7.20,"['biography', 'drama']"
63,m63,frankenstein,1931,8.00,"['drama', 'horror', 'sci-fi']"
64,m64,friday the 13th,2009,5.60,['horror']
65,m65,from dusk till dawn,1996,7.10,"['action', 'crime', 'horror', 'thriller']"
66,m66,g.i. jane,1997,5.60,"['action', 'drama']"
67,m67,godzilla,1998,4.90,"['action', 'horror', 'sci-fi', 'thriller']"
68,m68,galaxy quest,1999,7.20,"['action', 'adventure', 'comedy', 'sci-fi']"
69,m69,george washington,2000,7.50,['drama']
70,m70,get shorty,1995,6.90,"['comedy', 'crime', 'thriller']"
71,m71,ghost ship,2002,5.30,"['horror', 'mystery', 'thriller']"
72,m72,ghost world,2001,7.70,"['comedy', 'drama']"
73,m73,the ghost and the darkness,1996,6.60,"['adventure', 'drama', 'thriller']"
74,m74,ghostbusters ii,1989,6.10,"['action', 'adventure', 'comedy', 'fantasy', 'sci-fi', 'action', 'adventure', 'comedy', 'sci-fi']"
75,m75,ghostbusters,1986,6.90,"['animation', 'comedy', 'fantasy', 'sci-fi', 'horror']"
76,m76,gladiator,2000,8.40,"['action', 'adventure', 'drama']"
77,m77,the graduate,1967,8.20,"['comedy', 'drama', 'romance']"
78,m78,grand hotel,1932,7.70,"['drama', 'romance']"
79,m79,the grifters,1990,7.00,"['crime', 'drama', 'thriller']"
80,m80,halloween h20: 20 years later,1998,5.40,"['drama', 'horror', 'thriller']"
81,m81,halloween: the curse of michael myers,1995,4.50,"['horror', 'thriller']"
82,m82,"happy birthday, wanda june",1971,5.80,"['comedy', 'drama']"
83,m83,hardcore,1979,6.70,['drama']
84,m84,harold and maude,1971,8.10,"['comedy', 'romance']"
85,m85,hellbound: hellraiser ii,1988,6.20,"['drama', 'horror', 'thriller']"
86,m86,hellboy,2004,6.80,"['action', 'adventure', 'fantasy']"
87,m87,hellraiser,1987,7.00,['horror']
88,m88,high fidelity,2000,7.60,"['comedy', 'drama', 'music', 'romance']"
89,m89,highlander,1986,7.20,"['action', 'fantasy']"
90,m90,his girl friday,1940,8.10,"['comedy', 'drama', 'romance']"
91,m91,hope and glory,1987,7.40,"['drama', 'war']"
92,m92,house of 1000 corpses,2003,5.60,['horror']
93,m93,human nature,2001,6.30,"['comedy', 'drama']"
94,m94,the hustler,1961,8.20,"['drama', 'romance', 'sport']"
95,m95,i am legend,2007,7.10,"['drama', 'sci-fi', 'thriller']"
96,m96,invaders from mars,1953,6.40,"['horror', 'sci-fi']"
97,m97,independence day,1996,6.60,"['action', 'adventure', 'sci-fi', 'thriller']"
98,m98,indiana jones and the last crusade,1989,8.30,"['action', 'adventure', 'thriller', 'action', 'adventure', 'fantasy']"
99,m99,indiana jones and the temple of doom,1984,7.50,"['action', 'adventure']"
100,m100,innerspace,1987,6.50,"['action', 'adventure', 'comedy', 'crime', 'sci-fi']"
101,m101,the insider,1999,8.00,"['biography', 'drama', 'thriller']"
102,m102,intolerable cruelty,2003,6.40,"['comedy', 'romance', 'crime']"
103,m103,it happened one night,1934,8.30,"['comedy', 'romance']"
104,m104,jfk,1991,8.00,"['biography', 'drama', 'history', 'mystery', 'thriller']"
105,m105,jackie brown,1997,7.60,"['crime', 'drama', 'thriller']"
106,m106,jacob's ladder,1990/I,7.50,"['drama', 'mystery', 'thriller']"
107,m107,jason x,2001,4.40,"['horror', 'sci-fi']"
108,m108,jaws,1975,8.30,['thriller']
109,m109,juno,2007,7.90,"['comedy', 'drama']"
110,m110,kalifornia,1993,6.70,"['crime', 'drama', 'thriller']"
111,m111,kids,1995,6.80,"['crime', 'drama']"
112,m112,knight moves,1992,5.80,"['mystery', 'thriller']"
113,m113,krull,1983,5.90,"['fantasy', 'action', 'adventure', 'sci-fi']"
114,m114,lon,1994,8.60,"['crime', 'drama', 'thriller']"
115,m115,labor of love,1998,4.50,['']
116,m116,leaving las vegas,1995,7.60,"['drama', 'romance']"
117,m117,legally blonde,2001,6.20,['comedy']
118,m118,legend,1985,6.20,"['fantasy', 'adventure', 'romance']"
119,m119,life as a house,2001,7.50,"['drama', 'romance']"
120,m120,the life of david gale,2003,7.30,"['drama', 'crime', 'thriller']"
121,m121,little nicky,2000,5.00,"['fantasy', 'comedy', 'romance', 'animation', 'comedy', 'fantasy', 'horror']"
122,m122,logan's run,1976,6.70,"['action', 'sci-fi']"
123,m123,lost highway,1997,7.60,"['drama', 'horror', 'mystery', 'thriller']"
124,m124,lost horizon,1937,7.80,"['adventure', 'drama', 'fantasy', 'mystery']"
125,m125,men in black,1997,7.00,"['action', 'adventure', 'comedy', 'sci-fi']"
126,m126,minority report,2002,7.70,"['action', 'crime', 'mystery', 'sci-fi', 'thriller', 'action', 'animation', 'drama', 'mystery', 'sci-fi', 'thriller']"
127,m127,made,2001,6.40,"['comedy', 'crime', 'drama', 'thriller']"
128,m128,malcolm x,1992,7.70,"['biography', 'drama', 'history']"
129,m129,man on fire,2004,7.70,"['action', 'crime', 'drama', 'thriller']"
130,m130,marty,1955,7.70,"['drama', 'romance']"
131,m131,mash,1970,7.80,"['comedy', 'war', 'drama']"
132,m132,meet john doe,1941,7.70,"['comedy', 'drama', 'romance']"
133,m133,metro,1997,5.30,"['action', 'comedy', 'crime', 'drama', 'thriller']"
134,m134,metropolis,1927,8.40,"['adventure', 'drama', 'sci-fi']"
135,m135,mighty morphin power rangers,1994,8.20,"['action', 'family']"
136,m136,mobsters,1991,5.50,"['crime', 'drama']"
137,m137,monkeybone,2001,4.50,"['animation', 'comedy', 'fantasy', 'romance']"
138,m138,my mother dreams the satan's disciples in new york,1998,6.70,['short']
139,m139,mr. smith goes to washington,1939,8.40,['drama']
140,m140,mr. deeds goes to town,1936,8.00,"['comedy', 'romance']"
141,m141,mumford,1999,6.80,"['comedy', 'drama']"
142,m142,the mummy,1999,6.90,"['action', 'adventure', 'fantasy']"
143,m143,mystery men,1999,5.90,"['action', 'comedy', 'fantasy']"
144,m144,napoleon,1995,5.50,"['family', 'adventure']"
145,m145,next friday,2000,5.40,['comedy']
146,m146,nick of time,1995,6.20,"['crime', 'drama', 'thriller']"
147,m147,the night of the hunter,1955,8.20,"['drama', 'film-noir', 'thriller']"
148,m148,a nightmare on elm street,1984,7.40,['horror']
149,m149,ninotchka,1939,7.90,"['comedy', 'romance']"
150,m150,nixon,1995,7.10,"['biography', 'drama']"
151,m151,no country for old men,2007,8.30,"['crime', 'drama', 'mystery', 'thriller', 'western']"
152,m152,nurse betty,2000,6.40,"['comedy', 'crime', 'romance', 'thriller']"
153,m153,"o brother, where art thou?",2000,7.80,"['comedy', 'adventure', 'crime', 'music']"
154,m154,an officer and a gentleman,1982,6.80,"['drama', 'romance']"
155,m155,panic room,2002,6.90,['thriller']
156,m156,panther,1995/I,5.90,['drama']
157,m157,the patriot,2000,6.90,"['action', 'drama', 'war']"
158,m158,pet sematary,1989,6.30,"['drama', 'fantasy', 'horror', 'mystery', 'thriller']"
159,m159,pirates of the caribbean,2003,7.20,"['adventure', 'fantasy', 'horror']"
160,m160,plastic man,1999,6.70,['drama']
161,m161,platinum blonde,1931,6.90,"['comedy', 'romance']"
162,m162,pleasantville,1998,7.50,"['comedy', 'drama', 'fantasy']"
163,m163,punch-drunk love,2002,7.40,"['comedy', 'drama', 'romance']"
164,m164,quills,2000,7.30,"['biography', 'drama', 'history', 'romance']"
165,m165,rko 281,1999,7.10,"['biography', 'drama']"
166,m166,raging bull,1980,8.40,"['biography', 'drama', 'sport']"
167,m167,rear window,1954,8.70,"['crime', 'mystery', 'romance', 'thriller']"
168,m168,rebel without a cause,1955,7.90,"['drama', 'romance']"
169,m169,reindeer games,2000,5.50,"['action', 'crime', 'drama', 'thriller']"
170,m170,reservoir dogs,1992,8.40,"['crime', 'mystery', 'thriller']"
171,m171,roughshod,1949,6.90,"['action', 'drama', 'romance', 'western']"
172,m172,scary movie 2,2001,4.70,['comedy']
173,m173,serial mom,1994,6.40,"['comedy', 'thriller']"
174,m174,the seventh victim,1943,6.90,"['drama', 'horror', 'thriller']"
175,m175,"sex, lies, and videotape",1989,7.10,['drama']
176,m176,shivers,1975,6.50,"['horror', 'sci-fi']"
177,m177,shock treatment,1981,5.40,"['comedy', 'musical']"
178,m178,sideways,2004,7.80,"['comedy', 'drama', 'romance']"
179,m179,signs,2002,6.90,"['drama', 'mystery', 'sci-fi', 'thriller']"
180,m180,silverado,1985,7.00,"['action', 'western']"
181,m181,simone,2010,8.30,"['short', 'drama', 'horror', 'thriller']"
182,m182,the sixth sense,1999,8.20,"['drama', 'mystery', 'thriller']"
183,m183,slash,2002,4.20,"['comedy', 'horror', 'thriller']"
184,m184,slither,2006,6.60,"['comedy', 'horror', 'sci-fi']"
185,m185,smokey and the bandit,1977,6.60,"['action', 'comedy', 'crime', 'romance']"
186,m186,smokin' aces,2006,6.60,"['action', 'crime', 'drama', 'thriller']"
187,m187,solaris,2002,6.20,"['drama', 'mystery', 'romance', 'sci-fi']"
188,m188,someone to watch over me,1987,6.10,"['action', 'crime', 'drama', 'romance', 'thriller']"
189,m189,spider-man,2002,7.40,"['action', 'adventure', 'fantasy', 'sci-fi', 'action', 'adventure', 'sci-fi', 'thriller']"
190,m190,stalag 17,1953,8.20,"['drama', 'war']"
191,m191,star trek: generations,1994,6.50,"['action', 'mystery', 'sci-fi', 'thriller']"
192,m192,star trek iii: the search for spock,1984,6.50,"['action', 'adventure', 'sci-fi', 'thriller']"
193,m193,star trek: the wrath of khan,1982,7.80,"['action', 'adventure', 'sci-fi', 'thriller']"
194,m194,star trek iv: the voyage home,1986,7.30,"['adventure', 'comedy', 'sci-fi']"
195,m195,star trek: insurrection,1998,6.30,"['action', 'adventure', 'sci-fi', 'thriller']"
196,m196,star trek: first contact,1996,7.60,"['action', 'adventure', 'sci-fi', 'thriller']"
197,m197,star trek vi: the undiscovered country,1991,7.20,"['action', 'mystery', 'sci-fi', 'thriller']"
198,m198,star trek: nemesis,2002,6.40,"['action', 'sci-fi', 'thriller']"
199,m199,starman,1984,6.90,"['adventure', 'drama', 'romance', 'sci-fi']"
200,m200,strange days,1995,7.10,"['action', 'crime', 'drama', 'fantasy', 'music', 'mystery', 'sci-fi', 'thriller']"
201,m201,suspect zero,2004,5.80,"['crime', 'horror', 'sci-fi', 'thriller']"
202,m202,swingers,1996,7.60,"['comedy', 'drama']"
203,m203,the godfather,1972,9.20,"['crime', 'drama', 'thriller']"
204,m204,the talented mr. ripley,1999,7.20,"['crime', 'drama', 'thriller']"
205,m205,taxi driver,1976,8.60,"['drama', 'thriller']"
206,m206,the rock,1996,7.30,"['action', 'adventure', 'thriller']"
207,m207,the majestic,2001,6.80,"['drama', 'romance']"
208,m208,the birds,1963,7.90,"['horror', 'romance', 'thriller']"
209,m209,the body snatcher,1945,7.40,"['drama', 'horror', 'thriller']"
210,m210,the crow: salvation,2000,4.70,"['action', 'crime', 'fantasy', 'mystery', 'thriller']"
211,m211,the day the earth stood still,2008,5.50,"['drama', 'sci-fi', 'thriller']"
212,m212,the lost boys,1987,7.00,"['comedy', 'fantasy', 'horror', 'thriller']"
213,m213,the thing,1982,8.20,"['horror', 'mystery', 'sci-fi', 'thriller']"
214,m214,the time machine,2002,5.70,"['sci-fi', 'adventure', 'action']"
215,m215,the jacket,2005,7.10,"['drama', 'fantasy', 'mystery', 'sci-fi', 'thriller']"
216,m216,thelma & louise,1991,7.30,"['crime', 'drama', 'thriller']"
217,m217,there's something about mary,1998,7.20,"['comedy', 'romance']"
218,m218,thirteen days,2000,7.30,"['drama', 'history', 'thriller']"
219,m219,thunderheart,1992,6.60,"['crime', 'mystery', 'thriller', 'western']"
220,m220,top gun,1986,6.50,"['action', 'drama', 'romance']"
221,m221,total recall,1990,7.40,"['action', 'adventure', 'sci-fi', 'thriller']"
222,m222,tremors,1990,7.10,"['action', 'comedy', 'horror', 'thriller']"
223,m223,true believer,1989,6.70,"['drama', 'crime']"
224,m224,twin peaks: fire walk with me,1992,7.00,"['drama', 'horror', 'mystery', 'thriller']"
225,m225,the verdict,1982,7.70,['drama']
226,m226,the war of the worlds,1953,7.10,"['action', 'horror', 'sci-fi', 'thriller']"
227,m227,new nightmare,1994,6.30,"['fantasy', 'horror', 'mystery', 'thriller']"
228,m228,white squall,1996,6.40,"['adventure', 'drama']"
229,m229,wild at heart,1990,7.20,"['crime', 'romance', 'thriller']"
230,m230,wonder boys,2000,7.50,"['drama', 'comedy']"
231,m231,the woodsman,2004,7.40,['drama']
232,m232,the abyss,1989,7.60,"['action', 'adventure', 'drama', 'sci-fi', 'thriller']"
233,m233,l'avventura,1960,7.90,"['drama', 'mystery']"
234,m234,agnes of god,1985,6.50,"['drama', 'mystery', 'thriller']"
235,m235,a hard day's night,1964,7.60,"['comedy', 'music']"
236,m236,alien,1979,8.50,"['adventure', 'horror', 'sci-fi', 'thriller']"
237,m237,alien vs. predator,1993,7.80,"['action', 'adventure', 'sci-fi']"
238,m238,all about eve,1950,8.50,['drama']
239,m239,all the president's men,1976,8.00,"['drama', 'history', 'thriller']"
240,m240,american pie,1999,6.90,"['comedy', 'romance']"
241,m241,an american werewolf in paris,1997,4.90,"['horror', 'romance', 'thriller', 'comedy']"
242,m242,anastasia,1997,6.60,"['animation', 'adventure', 'drama', 'family', 'musical', 'animation', 'family']"
243,m243,annie hall,1977,8.30,"['comedy', 'drama', 'romance']"
244,m244,the anniversary party,2001,6.20,"['drama', 'comedy']"
245,m245,antz,1998,6.80,"['animation', 'adventure', 'comedy', 'family']"
246,m246,the apartment,1960,8.40,"['romance', 'comedy', 'drama']"
247,m247,apocalypse now,1979,8.60,"['drama', 'war']"
248,m248,arctic blue,1993,4.80,"['action', 'thriller']"
249,m249,as good as it gets,1997,7.80,"['comedy', 'drama', 'romance']"
250,m250,assassins,1995,6.00,"['action', 'thriller', 'crime']"
251,m251,asylum,2005,6.10,"['drama', 'romance', 'thriller']"
252,m252,a walk to remember,2002,7.10,"['drama', 'romance']"
253,m253,back to the future,1985,8.40,"['adventure', 'family', 'sci-fi']"
254,m254,badlands,1973,7.90,"['crime', 'drama', 'romance', 'thriller']"
255,m255,the adventures of buckaroo banzai across the 8th dimension,1984,6.00,"['adventure', 'romance', 'comedy', 'sci-fi']"
256,m256,barton fink,1991,7.80,"['drama', 'mystery', 'thriller']"
257,m257,basic instinct,1992,6.90,"['mystery', 'romance', 'thriller']"
258,m258,basquiat,1996,6.70,"['biography', 'drama']"
259,m259,batman returns,1992,6.90,"['action', 'crime', 'fantasy', 'thriller', 'animation', 'crime', 'fantasy', 'action', 'thriller']"
260,m260,batman and robin,1949,6.50,"['action', 'adventure', 'crime', 'drama', 'sci-fi']"
261,m261,batman forever,1995,5.40,"['action', 'crime', 'fantasy', 'thriller']"
262,m262,batman,1989,7.60,"['crime', 'drama', 'thriller', 'action', 'adventure', 'crime']"
263,m263,bean,1997,5.80,"['comedy', 'family']"
264,m264,beavis and butt-head do america,1996,6.60,"['animation', 'adventure', 'comedy', 'crime']"
265,m265,beetle juice,1988,7.30,"['comedy', 'fantasy']"
266,m266,being there,1979,8.00,"['drama', 'comedy']"
267,m267,being john malkovich,1999,7.90,"['comedy', 'drama', 'fantasy', 'romance']"
268,m268,beloved,1998/I,5.60,"['drama', 'mystery']"
269,m269,the big lebowski,1998,8.20,"['comedy', 'crime', 'mystery']"
270,m270,the black dahlia,2006,5.60,"['crime', 'drama', 'history', 'mystery', 'thriller']"
271,m271,blade ii,2002,6.60,"['action', 'fantasy', 'horror', 'thriller', 'action', 'adventure', 'horror']"
272,m272,blade,1998,7.00,"['action', 'adventure', 'fantasy', 'horror', 'thriller']"
273,m273,book of shadows: blair witch 2,2000,4.10,"['crime', 'horror', 'mystery', 'thriller']"
274,m274,blood simple.,1984,7.80,"['crime', 'drama', 'thriller']"
275,m275,bloodmoon,1997,4.50,"['action', 'thriller']"
276,m276,blow,2001,7.40,"['biography', 'crime', 'drama']"
277,m277,la battaglia di algeri,1966,8.20,"['drama', 'history', 'war']"
278,m278,body of evidence,1993,4.10,"['drama', 'romance', 'thriller']"
279,m279,the bridges of madison county,1995,7.20,"['drama', 'romance']"
280,m280,bones,2001,4.00,"['crime', 'horror']"
281,m281,bound,1996,7.50,"['crime', 'drama', 'thriller']"
282,m282,the bourne identity,2002,7.70,"['action', 'adventure', 'mystery', 'thriller']"
283,m283,brazil,1985,8.00,"['drama', 'fantasy', 'sci-fi']"
284,m284,bringing out the dead,1999,6.80,"['drama', 'thriller']"
285,m285,broadcast news,1987,7.10,"['comedy', 'drama', 'romance']"
286,m286,a bucket of blood,1959,6.80,"['comedy', 'horror']"
287,m287,buffy the vampire slayer,1992,5.30,"['horror', 'comedy', 'action']"
288,m288,bull durham,1988,7.00,"['comedy', 'romance', 'sport']"
289,m289,casino,1995,8.10,"['biography', 'crime', 'drama']"
290,m290,catwoman,2004,3.20,"['action', 'crime', 'fantasy']"
291,m291,cellular,2004,6.50,"['action', 'crime', 'thriller']"
292,m292,the crying game,1992,7.30,"['drama', 'thriller']"
293,m293,charade,1963,8.00,"['comedy', 'mystery', 'romance', 'thriller']"
294,m294,cherry falls,2000,4.80,"['horror', 'mystery', 'thriller']"
295,m295,chill factor,1999,4.90,"['action', 'adventure', 'comedy', 'thriller']"
296,m296,chinatown,1974,8.50,"['crime', 'drama', 'mystery', 'thriller']"
297,m297,nuovo cinema paradiso,1988,8.50,"['comedy', 'drama', 'romance']"
298,m298,citizen kane,1941,8.60,"['drama', 'mystery']"
299,m299,clerks.,1994,8.00,['comedy']
300,m300,cliffhanger,1993,6.20,"['action', 'adventure', 'thriller']"
301,m301,a clockwork orange,1971,8.50,"['crime', 'drama', 'sci-fi']"
302,m302,collateral,2004,7.80,"['crime', 'drama', 'thriller']"
303,m303,conspiracy theory,1997,6.50,"['action', 'crime', 'mystery', 'romance', 'thriller']"
304,m304,contact,1997,7.40,"['drama', 'mystery', 'sci-fi', 'thriller']"
305,m305,cool hand luke,1967,8.30,"['crime', 'drama']"
306,m306,copycat,1995,6.50,"['crime', 'mystery', 'thriller']"
307,m307,crash,2004/I,8.00,"['crime', 'drama']"
308,m308,crazy love,2007/I,7.00,['documentary']
309,m309,crime spree,2003,6.40,"['action', 'comedy', 'crime']"
310,m310,"crouching tiger, hidden dragon",2003,8.00,['action']
311,m311,the crow,1994,7.60,"['action', 'crime', 'fantasy', 'thriller']"
312,m312,cruel intentions,1999,6.70,"['drama', 'romance', 'thriller']"
313,m313,the curse of the cat people,1944,6.90,"['drama', 'fantasy', 'horror']"
314,m314,the curse,1987,4.50,"['sci-fi', 'horror']"
315,m315,dark city,1998,7.80,"['mystery', 'sci-fi', 'thriller']"
316,m316,dave,1993,6.80,"['comedy', 'romance']"
317,m317,day of the dead,1985,7.00,"['horror', 'sci-fi']"
318,m318,dead poets society,1989,7.80,['drama']
319,m319,deep rising,1998,5.70,"['action', 'horror', 'sci-fi', 'thriller']"
320,m320,the deer hunter,1978,8.20,"['drama', 'war']"
321,m321,demolition man,1993,6.30,"['action', 'crime', 'sci-fi']"
322,m322,the devil and daniel webster,2004,5.70,"['comedy', 'drama', 'fantasy']"
323,m323,die hard,1988,8.30,"['action', 'crime', 'thriller']"
324,m324,dog day afternoon,1975,8.20,"['crime', 'drama']"
325,m325,domino,2005,5.90,"['action', 'crime', 'drama', 'thriller']"
326,m326,do the right thing,1989,7.90,['drama']
327,m327,dumb and dumberer: when harry met lloyd,2003,3.30,['comedy']
328,m328,dune,1984,6.50,"['action', 'adventure', 'sci-fi']"
329,m329,ed wood,1994,8.10,"['biography', 'comedy', 'drama']"
330,m330,edtv,1999,6.10,['comedy']
331,m331,election,1999,7.40,"['comedy', 'drama']"
332,m332,l.a. confidential,1997,8.40,"['crime', 'drama', 'mystery', 'thriller']"
333,m333,enemy of the state,1998,7.20,"['action', 'drama', 'thriller']"
334,m334,the english patient,1996,7.30,"['romance', 'drama', 'war']"
335,m335,entrapment,1999,6.10,"['action', 'crime', 'romance', 'thriller']"
336,m336,erin brockovich,2000,7.20,"['biography', 'drama', 'romance']"
337,m337,star wars: the empire strikes back,1982,8.00,"['animation', 'adventure', 'action', 'fantasy']"
338,m338,escape from the planet of the apes,1971,6.10,"['sci-fi', 'thriller']"
339,m339,escape from l.a.,1996,5.30,"['action', 'adventure', 'sci-fi', 'thriller']"
340,m340,excalibur,1981,7.40,"['adventure', 'drama', 'fantasy']"
341,m341,the exorcist,1973,8.10,"['horror', 'thriller']"
342,m342,the fabulous baker boys,1989,6.70,"['drama', 'music', 'romance']"
343,m343,face/off,1997,7.30,"['action', 'crime', 'drama', 'sci-fi', 'thriller']"
344,m344,the family man,2000,6.60,"['comedy', 'fantasy', 'drama', 'romance']"
345,m345,the fantastic four,1994,3.80,"['action', 'adventure', 'sci-fi', 'fantasy']"
346,m346,fantastic voyage,1966,6.80,"['adventure', 'sci-fi']"
347,m347,fargo,1996,8.30,"['crime', 'drama', 'thriller']"
348,m348,fight club,1999,8.80,"['crime', 'drama', 'mystery', 'thriller']"
349,m349,final destination 2,2003,6.40,"['horror', 'thriller']"
350,m350,final destination,2000,6.80,"['horror', 'thriller']"
351,m351,rambo: first blood part ii,1985,5.80,"['action', 'adventure', 'thriller']"
352,m352,the fisher king,1991,7.50,"['comedy', 'drama', 'romance']"
353,m353,five easy pieces,1970,7.50,['drama']
354,m354,five feet high and rising,2000,6.50,['short']
355,m355,fletch,1985,6.70,"['comedy', 'crime', 'mystery']"
356,m356,the adventures of ford fairlane,1990,5.60,"['action', 'adventure', 'comedy', 'music']"
357,m357,the french connection,1971,7.90,"['action', 'crime', 'thriller']"
358,m358,frequency,2000,7.30,"['crime', 'drama', 'sci-fi', 'thriller']"
359,m359,friday the 13th part iii,1982,5.10,['horror']
360,m360,jason lives: friday the 13th part vi,1986,5.30,"['comedy', 'horror', 'thriller']"
361,m361,jason goes to hell: the final friday,1993,4.10,"['horror', 'thriller']"
362,m362,friday the 13th part viii: jason takes manhattan,1989,3.90,['horror']
363,m363,game 6,2005,6.00,"['comedy', 'drama', 'sport']"
364,m364,gandhi,1982,8.20,"['biography', 'drama', 'history']"
365,m365,gattaca,1997,7.80,"['drama', 'romance', 'sci-fi', 'thriller']"
366,m366,the getaway,1972,7.50,"['action', 'adventure', 'crime', 'thriller']"
367,m367,get carter,2000,4.80,"['action', 'crime', 'drama', 'thriller']"
368,m368,glengarry glen ross,1992,7.90,['drama']
369,m369,the godfather: part ii,1974,9.00,"['crime', 'drama', 'thriller']"
370,m370,gods and monsters,1998,7.50,"['biography', 'drama']"
371,m371,gone in sixty seconds,2000,6.00,"['action', 'crime', 'thriller']"
372,m372,goodfellas,1990,8.80,"['crime', 'drama', 'thriller']"
373,m373,good will hunting,1997,8.10,['drama']
374,m374,the grapes of wrath,1940,8.30,['drama']
375,m375,grosse pointe blank,1997,7.40,"['comedy', 'crime', 'romance', 'thriller']"
376,m376,the horse whisperer,1998,6.40,"['drama', 'romance', 'western']"
377,m377,hackers,1995,5.80,"['action', 'crime', 'drama', 'thriller']"
378,m378,halloween 4: the return of michael myers,1988,5.60,"['horror', 'thriller']"
379,m379,halloween,1978,7.90,"['horror', 'thriller']"
380,m380,hannah and her sisters,1986,7.90,"['comedy', 'drama', 'romance']"
381,m381,hannibal,2001,6.40,"['crime', 'thriller']"
382,m382,happy campers,2001,5.40,['comedy']
383,m383,heathers,1989,7.30,"['comedy', 'crime']"
384,m384,heavenly creatures,1994,7.60,"['crime', 'drama', 'fantasy', 'thriller']"
385,m385,hellraiser: hellseeker,2002,4.90,"['horror', 'mystery', 'thriller']"
386,m386,hero,1992/I,6.30,"['comedy', 'drama']"
387,m387,hider in the house,1989,5.60,['thriller']
388,m388,highlander iii: the sorcerer,1994,3.90,"['fantasy', 'sci-fi', 'action']"
389,m389,hostage,2005/I,6.60,"['action', 'crime', 'drama', 'thriller']"
390,m390,hotel rwanda,2004,8.30,"['adventure', 'drama', 'history', 'thriller', 'war']"
391,m391,house on haunted hill,1999,5.30,"['horror', 'mystery', 'thriller']"
392,m392,house of the damned,1996,4.30,"['action', 'horror', 'thriller']"
393,m393,hellraiser iii: hell on earth,1992,5.10,['horror']
394,m394,hudson hawk,1991,5.40,"['action', 'adventure', 'comedy', 'action', 'adventure', 'comedy', 'crime']"
395,m395,the hudsucker proxy,1994,7.40,"['comedy', 'drama', 'fantasy', 'romance']"
396,m396,i walked with a zombie,1943,7.30,['horror']
397,m397,the ice storm,1997,7.50,['drama']
398,m398,insomnia,2002/I,7.30,"['crime', 'drama', 'mystery', 'thriller']"
399,m399,interview with the vampire: the vampire chronicles,1994,7.40,"['drama', 'fantasy']"
400,m400,i still know what you did last summer,1998,4.10,"['horror', 'mystery', 'thriller']"
401,m401,isle of the dead,1945,6.60,"['drama', 'horror', 'mystery', 'thriller']"
402,m402,it's a wonderful life,1946,8.70,"['drama', 'fantasy', 'romance']"
403,m403,jaws 2,1978,5.60,['thriller']
404,m404,jaws 3-d,1983,3.30,['thriller']
405,m405,jaws: the revenge,1987,2.60,['thriller']
406,m406,the jazz singer,1927,6.80,"['drama', 'music', 'romance']"
407,m407,jennifer eight,1992,6.20,"['thriller', 'mystery']"
408,m408,jerry maguire,1996,7.30,"['comedy', 'drama', 'romance', 'sport']"
409,m409,jurassic park iii,2001,5.70,"['action', 'adventure', 'sci-fi', 'thriller']"
410,m410,the lost world: jurassic park,1997,6.00,"['action', 'adventure', 'sci-fi', 'thriller', 'action', 'adventure', 'animation', 'horror', 'sci-fi', 'thriller']"
411,m411,jurassic park,1993,7.90,"['action', 'adventure', 'family', 'sci-fi', 'action', 'adventure', 'fantasy', 'sci-fi']"
412,m412,freddy vs. jason,2003,5.80,"['horror', 'thriller']"
413,m413,kafka,1991,6.90,"['comedy', 'drama', 'mystery', 'sci-fi', 'thriller']"
414,m414,king kong,2005,7.60,"['adventure', 'drama', 'romance']"
415,m415,klute,1971,7.20,"['mystery', 'romance', 'thriller']"
416,m416,kramer vs. kramer,1979,7.70,['drama']
417,m417,kundun,1997,7.10,"['biography', 'drama', 'history', 'war']"
418,m418,lake placid,1999,5.40,"['action', 'comedy', 'horror', 'thriller']"
419,m419,the silence of the lambs,1991,8.70,"['crime', 'thriller']"
420,m420,last of the mohicans,1977,7.30,"['action', 'adventure', 'war']"
421,m421,leviathan,1989,5.30,"['adventure', 'horror', 'mystery', 'sci-fi', 'thriller']"
422,m422,"lock, stock and two smoking barrels",1998,8.20,"['crime', 'thriller']"
423,m423,lone star,1996,7.60,"['drama', 'mystery', 'romance', 'western']"
424,m424,lord of illusions,1995,5.60,"['fantasy', 'horror', 'mystery', 'thriller']"
425,m425,lost in translation,2003,7.90,"['drama', 'romance']"
426,m426,lost souls,2000,4.60,"['drama', 'horror', 'thriller', 'romance']"
427,m427,love & basketball,2000,6.70,"['drama', 'romance', 'sport']"
428,m428,magnolia,1999,8.00,['drama']
429,m429,the man in the iron mask,1998/I,6.10,"['action', 'adventure', 'drama', 'history']"
430,m430,manhunt,2003,8.70,"['action', 'adventure', 'crime', 'horror', 'thriller']"
431,m431,manhunter,1986,7.20,"['crime', 'thriller']"
432,m432,man on the moon,1999,7.40,"['biography', 'comedy', 'drama']"
433,m433,the matrix,1999,8.70,"['action', 'adventure', 'adventure', 'adventure', 'sci-fi']"
434,m434,halloween iii: season of the witch,1982,3.80,"['horror', 'mystery', 'sci-fi']"
435,m435,meet joe black,1998,6.90,"['drama', 'fantasy', 'mystery', 'romance']"
436,m436,memento,2000,8.70,"['crime', 'drama', 'mystery', 'thriller']"
437,m437,miami vice,2006,6.00,"['action', 'crime', 'drama', 'thriller']"
438,m438,midnight cowboy,1969,8.00,['drama']
439,m439,midnight express,1978,7.60,"['biography', 'crime', 'drama', 'thriller']"
440,m440,mimic,1997,5.70,"['drama', 'horror', 'sci-fi']"
441,m441,misery,1990,7.80,['thriller']
442,m442,mission: impossible ii,2000,5.70,"['action', 'adventure', 'thriller']"
443,m443,mission: impossible,1996,6.90,"['action', 'adventure', 'thriller']"
444,m444,moonstruck,1987,7.10,"['comedy', 'romance', 'drama']"
445,m445,monty python and the holy grail,1975,8.40,"['adventure', 'comedy']"
446,m446,mrs brown,1997,7.20,"['biography', 'drama', 'history', 'romance']"
447,m447,arcade,1993,4.60,['sci-fi']
448,m448,mulholland dr.,2001,8.00,"['drama', 'mystery', 'thriller']"
449,m449,"""murderland""",2009,5.80,"['crime', 'drama', 'mystery']"
450,m450,my girl 2,1994,4.80,"['comedy', 'drama', 'family', 'romance']"
451,m451,my girl,1991,6.40,"['comedy', 'drama', 'family', 'romance']"
452,m452,my best friend's wedding,1997,6.20,"['comedy', 'romance']"
453,m453,nashville,1975,7.70,"['drama', 'music']"
454,m454,natural born killers,1994,7.10,"['action', 'crime', 'drama', 'romance', 'thriller']"
455,m455,nothing but a man,1964,7.80,"['drama', 'romance']"
456,m456,the negotiator,1998,7.20,"['action', 'crime', 'drama', 'mystery', 'thriller']"
457,m457,neuromancer,1988,9.30,"['action', 'adventure', 'animation', 'sci-fi']"
458,m458,never been kissed,1999,5.70,"['comedy', 'drama', 'romance']"
459,m459,the nightmare before christmas,1993,8.00,"['animation', 'family', 'fantasy', 'musical']"
460,m460,a nightmare on elm street part 2: freddy's revenge,1985,4.90,"['fantasy', 'horror', 'thriller']"
461,m461,a nightmare on elm street 3: dream warriors,1987,6.30,"['fantasy', 'horror', 'thriller']"
462,m462,notting hill,1999,6.90,"['comedy', 'romance']"
463,m463,one flew over the cuckoo's nest,1975,8.90,['drama']
464,m464,only you,1994,6.20,"['comedy', 'romance']"
465,m465,on the waterfront,1954,8.40,"['crime', 'drama', 'romance']"
466,m466,orgy of the dead,1965,2.50,"['fantasy', 'horror']"
467,m467,out of sight,1998,7.20,"['comedy', 'crime', 'romance', 'thriller']"
468,m468,pearl harbor,2001,5.40,"['action', 'drama', 'romance', 'war']"
469,m469,peggy sue got married,1986,6.30,"['comedy', 'drama', 'fantasy', 'romance']"
470,m470,pet sematary ii,1992,4.20,"['action', 'horror', 'thriller']"
471,m471,philadelphia,1993,7.60,['drama']
472,m472,pitch black,2000,7.00,"['action', 'sci-fi', 'thriller']"
473,m473,planet of the apes,2001,5.50,"['action', 'adventure', 'sci-fi', 'thriller', 'animation', 'action', 'adventure', 'sci-fi']"
474,m474,platoon,1986,8.20,"['action', 'drama', 'war']"
475,m475,playback,1996,3.60,['thriller']
476,m476,the ploughman's lunch,1983,6.80,['drama']
477,m477,point break,1991,6.90,"['action', 'adventure', 'crime', 'drama', 'sport', 'thriller']"
478,m478,predator,1987,7.80,"['action', 'adventure', 'sci-fi', 'thriller']"
479,m479,pretty woman,1990,6.70,"['comedy', 'romance']"
480,m480,the princess bride,1987,8.10,"['adventure', 'comedy', 'family', 'fantasy', 'romance']"
481,m481,the producers,1968,7.70,['comedy']
482,m482,psycho,1960,8.70,"['drama', 'horror', 'mystery', 'thriller', 'thriller']"
483,m483,maniac,1980,6.20,"['drama', 'horror', 'thriller']"
484,m484,vampyr,1932,7.60,"['fantasy', 'horror']"
485,m485,mystery of the wax museum,1933,6.80,"['horror', 'mystery', 'thriller']"
486,m486,quantum project,2000,4.80,"['short', 'adventure', 'drama', 'romance']"
487,m487,rambling rose,1991,6.60,['drama']
488,m488,red white black & blue,2006,6.30,['documentary']
489,m489,star wars: episode vi - return of the jedi,1983,8.30,"['action', 'adventure', 'fantasy', 'sci-fi']"
490,m490,the rocky horror picture show,1975,7.10,"['comedy', 'musical']"
491,m491,rocky,1976,8.10,"['drama', 'romance', 'sport']"
492,m492,who framed roger rabbit,1988,7.60,"['animation', 'comedy', 'crime', 'family', 'fantasy', 'mystery', 'animation', 'adventure', 'action', 'fantasy']"
493,m493,romeo and juliet,1968/I,7.80,"['drama', 'romance']"
494,m494,ronin,1998,7.20,"['action', 'crime', 'thriller']"
495,m495,route 9,1998,6.00,"['crime', 'drama']"
496,m496,rush hour 2,2001,6.50,"['action', 'comedy', 'crime', 'thriller']"
497,m497,rush hour,1998,6.80,"['action', 'comedy', 'thriller', 'crime']"
498,m498,runaway bride,1999,5.20,"['comedy', 'romance']"
499,m499,sleepless in seattle,1993,6.60,"['comedy', 'romance', 'drama']"
500,m500,salt of the earth,1954,7.60,"['drama', 'history']"
501,m501,the salton sea,2002,7.10,"['crime', 'drama', 'mystery', 'thriller']"
502,m502,saving private ryan,1998,8.50,"['action', 'drama', 'history', 'war']"
503,m503,say anything...,1989,7.50,"['comedy', 'drama', 'romance']"
504,m504,schindler's list,1993,8.90,"['biography', 'drama', 'history', 'war']"
505,m505,scream 2,1997,5.90,"['horror', 'mystery', 'thriller']"
506,m506,scream 3,2000,5.30,"['horror', 'mystery', 'thriller']"
507,m507,scream,1996/I,7.20,"['crime', 'horror', 'mystery', 'thriller']"
508,m508,seven,1979,6.10,"['action', 'drama']"
509,m509,the searchers,1956,8.10,"['adventure', 'drama', 'western']"
510,m510,seven days to live,2000,5.20,"['drama', 'horror', 'thriller']"
511,m511,shakespeare in love,1998,7.40,"['comedy', 'drama', 'romance']"
512,m512,shallow grave,1994,7.40,"['comedy', 'crime', 'drama', 'thriller']"
513,m513,shampoo,1975,6.20,"['drama', 'romance']"
514,m514,the shining,1980,8.50,"['horror', 'mystery', 'thriller']"
515,m515,silver bullet,1985,5.90,"['adventure', 'drama', 'horror', 'mystery', 'thriller']"
516,m516,sister act,1992,5.90,"['comedy', 'crime', 'music']"
517,m517,sleepy hollow,1999,7.50,"['fantasy', 'mystery', 'thriller']"
518,m518,sling blade,1996,8.00,['drama']
519,m519,smoke,1995,7.50,"['comedy', 'drama']"
520,m520,snow falling on cedars,1999,6.70,"['drama', 'mystery', 'romance', 'thriller']"
521,m521,soldier,1998/I,5.60,"['action', 'drama', 'sci-fi']"
522,m522,some like it hot,1959,8.40,['comedy']
523,m523,the wedding date,2005,5.50,"['comedy', 'romance']"
524,m524,sounder,1972,7.80,['drama']
525,m525,south park: bigger longer & uncut,1999,7.80,"['animation', 'comedy', 'musical']"
526,m526,spacejacked,1997,2.90,"['action', 'sci-fi']"
527,m527,spare me,1992,5.80,['thriller']
528,m528,sphere,1998,5.60,"['drama', 'horror', 'mystery', 'sci-fi', 'thriller']"
529,m529,star wars,1977,8.80,"['action', 'adventure', 'fantasy', 'sci-fi']"
530,m530,starship troopers,1997,7.10,"['action', 'adventure', 'sci-fi', 'thriller']"
531,m531,star trek: the motion picture,1979,6.20,"['adventure', 'fantasy', 'mystery', 'sci-fi']"
532,m532,state and main,2000,6.80,"['comedy', 'drama']"
533,m533,stepmom,1998,6.20,"['comedy', 'drama']"
534,m534,storytelling,2001,6.70,"['comedy', 'drama']"
535,m535,stranglehold,2007,8.60,"['action', 'adventure', 'crime']"
536,m536,dr. strangelove or: how i learned to stop worrying and love the bomb,1964,8.60,"['comedy', 'drama']"
537,m537,suburbia,1996,6.50,"['comedy', 'drama']"
538,m538,sugar & spice,2001,5.20,"['comedy', 'crime']"
539,m539,sunset blvd.,1950,8.70,"['drama', 'film-noir']"
540,m540,supergirl,1984,4.10,"['action', 'adventure', 'sci-fi']"
541,m541,superman iii,1983,4.70,"['action', 'adventure', 'comedy', 'fantasy', 'sci-fi']"
542,m542,superman ii,1980,6.70,"['action', 'adventure', 'fantasy', 'romance', 'sci-fi']"
543,m543,superman iv: the quest for peace,1987,3.40,"['action', 'adventure', 'family', 'fantasy', 'sci-fi']"
544,m544,superman,1978,7.30,"['action', 'family', 'sci-fi']"
545,m545,the sweet hereafter,1997,7.80,['drama']
546,m546,sweet smell of success,1957,8.20,"['drama', 'film-noir']"
547,m547,terminator 2: judgment day,1991,8.50,"['action', 'sci-fi', 'thriller']"
548,m548,taking sides,2001,7.20,"['drama', 'music', 'war']"
549,m549,the terminator,1984,8.10,"['action', 'sci-fi', 'thriller']"
550,m550,the game,1997,7.70,"['drama', 'mystery', 'thriller']"
551,m551,the haunting,1999,4.60,"['horror', 'thriller', 'mystery']"
552,m552,the limey,1999,7.00,"['crime', 'drama', 'mystery', 'thriller']"
553,m553,the man who wasn't there,2001,7.70,"['crime', 'drama']"
554,m554,the relic,1997,5.40,"['horror', 'mystery', 'thriller']"
555,m555,the truman show,1998,8.00,['drama']
556,m556,the x files,1998,6.80,"['crime', 'horror', 'mystery', 'sci-fi', 'thriller']"
557,m557,the cell,2000,6.20,"['drama', 'fantasy', 'horror', 'sci-fi', 'thriller']"
558,m558,the third man,1949,8.50,"['film-noir', 'mystery', 'thriller']"
559,m559,the beach,2000/I,6.30,"['adventure', 'drama', 'romance', 'thriller']"
560,m560,the believer,2001,7.30,['drama']
561,m561,le grand bleu,1988,7.40,"['adventure', 'drama', 'romance']"
562,m562,the hebrew hammer,2003,6.20,['comedy']
563,m563,the leopard man,1943,6.90,"['drama', 'horror', 'mystery', 'thriller']"
564,m564,the lost son,1999,6.50,"['crime', 'drama', 'romance', 'thriller']"
565,m565,the messenger,2009/I,7.40,"['drama', 'romance', 'war']"
566,m566,the pianist,2002,8.50,"['biography', 'drama', 'war']"
567,m567,the piano,1993,7.50,"['drama', 'romance']"
568,m568,the sting,1973,8.40,"['comedy', 'crime', 'drama']"
569,m569,the thin man,1934,8.10,"['comedy', 'crime', 'drama', 'mystery', 'romance']"
570,m570,three kings,1999,7.30,"['action', 'adventure', 'comedy', 'drama', 'war']"
571,m571,thx 1138,1971,6.80,"['drama', 'mystery', 'sci-fi', 'thriller']"
572,m572,ticker,2001,3.30,"['action', 'thriller', 'crime']"
573,m573,trouble in paradise,1932,8.20,"['comedy', 'crime', 'romance']"
574,m574,titanic,1997,7.40,"['drama', 'history', 'romance']"
575,m575,transatlantic merry-go-round,1934,6.90,"['comedy', 'musical', 'mystery', 'romance']"
576,m576,tombstone,1993,7.70,"['action', 'drama', 'history', 'romance', 'western']"
577,m577,tomorrow never dies,1997,6.40,"['action', 'adventure', 'thriller']"
578,m578,to sleep with anger,1990,6.80,['drama']
579,m579,toy story,1995,8.20,"['animation', 'adventure', 'comedy', 'family', 'fantasy']"
580,m580,the magic toyshop,1987,6.20,['fantasy']
581,m581,traffic,2000,7.80,"['crime', 'drama', 'thriller']"
582,m582,trainspotting,1996,8.20,"['crime', 'drama']"
583,m583,star trek v: the final frontier,1989,5.00,"['action', 'adventure', 'sci-fi', 'thriller']"
584,m584,tron,1982,6.70,"['action', 'adventure', 'sci-fi', 'thriller', 'sci-fi']"
585,m585,true lies,1994,7.20,"['action', 'thriller']"
586,m586,true romance,1993,7.90,"['crime', 'romance', 'thriller']"
587,m587,twelve monkeys,1995,8.10,"['mystery', 'sci-fi', 'thriller']"
588,m588,u-turn,1973,5.80,['drama']
589,m589,u turn,1997,6.70,"['crime', 'drama', 'thriller']"
590,m590,unbreakable,2000,7.30,"['drama', 'fantasy', 'mystery', 'thriller']"
591,m591,unforgiven,1992,8.30,"['drama', 'western']"
592,m592,the usual suspects,1995,8.70,"['crime', 'mystery', 'thriller']"
593,m593,verdict,1974,5.70,['drama']
594,m594,vertigo,1958,8.60,"['crime', 'mystery', 'romance', 'thriller']"
595,m595,very bad things,1998,6.00,"['comedy', 'crime', 'thriller']"
596,m596,viridiana,1961,8.20,['drama']
597,m597,virtuosity,1995,5.30,"['action', 'crime', 'sci-fi', 'thriller']"
598,m598,wag the dog,1997,7.10,"['comedy', 'drama']"
599,m599,wall street,1987,7.30,"['crime', 'drama']"
600,m600,waxwork,1988,6.00,"['comedy', 'fantasy', 'horror']"
601,m601,what lies beneath,2000,6.50,"['drama', 'horror', 'mystery', 'thriller']"
602,m602,what women want,2000,6.30,"['comedy', 'fantasy', 'romance']"
603,m603,the witching hour,1996,6.50,"['documentary', 'short']"
604,m604,white angel,1994,4.40,"['drama', 'thriller']"
605,m605,who's your daddy?,2003/I,4.50,['comedy']
606,m606,wild things,1998,6.60,"['crime', 'mystery', 'thriller']"
607,m607,wild wild west,1999,4.30,"['action', 'western', 'comedy', 'sci-fi']"
608,m608,willow,1988,7.10,"['action', 'adventure', 'drama', 'fantasy', 'romance']"
609,m609,witness,1985,7.60,"['drama', 'romance', 'thriller']"
610,m610,the wizard of oz,1939,8.30,"['adventure', 'family', 'fantasy', 'musical']"
611,m611,the world is not enough,1999,6.30,"['action', 'adventure', 'thriller']"
612,m612,watchmen,2009,7.80,"['action', 'crime', 'fantasy', 'mystery', 'sci-fi', 'thriller']"
613,m613,xxx,2002,5.60,"['action', 'adventure', 'crime']"
614,m614,x-men,2000,7.40,"['action', 'sci-fi']"
615,m615,young frankenstein,1974,8.00,"['comedy', 'sci-fi']"
616,m616,zulu dawn,1979,6.40,"['action', 'adventure', 'drama', 'history', 'war']"
